1234thecreator,fa900334-fabe-47fd-b000-bd96fb9e6bdb
_bsp,04bc7ac9-86f3-4b8e-bcc0-d6f6a9f3d2e8
_cassbuscus,ff3fe57a-0da4-461f-9700-2da73c392bbb
_corson_,34b76180-694c-4c2a-ab85-354f653dda9d
ainenneify,7ce9d940-8b59-4319-9f6f-f3df191977ee
akull9,ca3d1121-ea7b-495a-b9cb-907df0c78825
alexisdotjpeg,5b9d7dae-dc3f-4bd3-aa7c-e656df4e3f91
amberl12,c32a7e3a-f981-4585-80b2-a7f5505cf289
amethyst_ghost,5f7c9e7e-67ab-400c-a7c6-4a34544a6cd6
ardeshire,7b387e27-ff20-42db-a72b-0c0ef73e5d2c
asjova,efcae74c-6a5d-4cbe-b436-1884bcb96cec
athenianserpent,f0f89d1e-3aa0-4ea4-941e-38b6c9d6f5fc
awkwardpheonix,972ef5f5-1d0e-46ae-b733-8b392c995325
azothz,d96d1bc6-ff22-4243-9b69-1cc7fb82b65d
barujiina,56f78463-d6a1-4fdb-a8a1-ddf5e54bb24b
bears_bearsbears,e59a4a41-c7d8-4638-a8f2-d7f63f30ab2d
ben_26nz,0e375174-62f5-4017-8be4-50023beb8beb
bhaluk_gyvate,06eebe89-6e84-4086-9eff-b8a4829747e5
bilbolaggins,b287ce2f-780e-4a38-b552-e5a1a19c5a86
blizarn,5474b5c8-ba86-4c83-bbeb-0e932a128a2e
bloopsmee,d1616ba2-d96e-417b-93db-ff62eadf678c
boombrony,6ae9b15b-e98f-42a1-a797-e41aa944019c
bootypop,150cce52-ef72-4a12-a3b2-f85f125d533f
britisham,00ad2c08-c812-4e13-b2f5-f36479f2de61
brokoro,0341d28b-fa0b-4ca1-b419-ea78686a9e0f
catne_,33de436b-5d0d-4aa0-b412-28256a127d5a
chrisbeats,414dfcee-951b-4dd6-94f8-10c7066744e6
colefrick,47155623-9fb4-4acf-b716-96c10b190aa6
cowburger,0595bc40-b800-4dd4-8b0f-43630e598300
crafterfin,7dcc34c3-d3bc-46e0-8fa7-bc48b5b86d84
crystalleveret,e95bae01-87a8-426d-af20-b2cb0e2a0be8
cynidea,c2e806f6-796b-41c9-b2d7-07099546228c
daspader,3e452e94-7a98-4eaa-9aad-854a37f1d69b
deadsyn_tgp,844bcdbd-d77b-440e-b091-88eb507cd033
deathblaze15,c0e16c86-b93b-4893-b858-17de9b16239d
deathlylink,7a1f188d-d89a-4290-bfb5-6c454514b7df
deathpebbles1,8710e17f-f68a-4ddc-856a-e67fb0025328
dediles,7c580962-c4cf-4097-a01c-63f77b0591f5
desbutt,0775d06d-7eda-49bf-8392-488784eb4943
desumotoko,7360a2a5-6c02-4991-9304-4d523ada4e55
doglovingkid,7a9fdfc0-d539-486a-bf3c-8d1acdca3a8f
dropsofblue,ead8ba0a-08d7-43b4-9874-942911b0b622
elgenzay,109271ec-0e18-4879-a165-7b6f2852b8d8
eliorathynne,71ca4a1c-24c4-46fc-9767-76f446585472
elliotives,80d509d3-0972-4eac-ab9b-d02f0eb8b5e3
enderpro44,1313710f-c115-4b53-b8fb-8e39558ae609
eoughu,9d7738c5-6621-434e-ad14-911998cb35cf
esmetyler,5c727d4d-79e8-43ec-b66c-37b041669c06
exacurate,19d4df81-9037-45d4-b080-2f89256a495d
femequius,e5dfb18f-1249-42c5-92cb-dec9e5947fca
forgetfulpyro,410fd548-3fc8-4cb2-8679-3f03c01e16a9
foxchu,e9e8f98c-a18a-4fc2-b021-bd5fd9792823
galacticaffinity,630f3c12-42b3-4deb-9040-4873643a307e
gameerguy,f5b6a366-50c2-467e-8c2e-59ffd421ce72
genkiandkululu24,b809442a-8b1b-4c44-b0ba-92ce7400c153
genorated18,354a2770-6ee4-4c41-a446-e30326d72496
genorated19,1a62b02b-2023-47f1-b669-208a54bbbee5
gildiarz,b5446d65-6c5c-4e34-9874-8bd4aeaef3f3
gobbldyg00k,a5330240-3607-4a49-9c44-b91e712d2960
gyson,3102e876-e16c-44a1-b90d-79c60b0ecae0
hamiehamie,40e04cc6-8219-4f84-9f21-ed298fbb8115
herojero,fd01f10e-5d38-4af8-a5ee-7b7a71fc3792
higher49er,6d3d669c-4812-40ee-8c4a-902c425773ca
hiimraymond,ed900fa2-fc09-48ad-b648-c8bbc0a350e2
holden_,d90777f8-2e71-4797-8650-b454a464aa78
hydronax,1f3015cd-8c93-43a6-953e-9e6acfd0c13b
inkdeer,c4bda4e0-7ae1-48bd-b034-bf38e847929b
jadynmcleod2002,5de81b09-816a-4607-9103-3ea8c7c27628
jb_lewis,943f7ee4-7ec5-40b2-94c9-4bb224f8626c
johnjohnman,d70f2b7a-2bc8-42fe-8a3d-824b95b350d0
joshua_girardin,4ae011bc-58a9-4e45-ae80-b5fddb80aa4d
jr_is_boss,35e32f51-f864-4c87-8a7e-9de31729caf1
justasatellite,df8a5470-3ce7-4f37-9664-98507681473e
kawiqu,92beee1f-8a56-4733-942c-1a018d546d20
kodinki57,e4ba3a89-eb3c-422f-82ae-e20518ddaef5
kqgqn,c02e4eaa-b057-4c4e-8589-44ba9bafe57c
ktrj10,ec606e24-1f24-4503-9665-cf192e6a1833
larosastephen,8598d5de-0bb7-4d92-8277-15aa6e3a6001
lavan1368,0ca13e50-2c11-4f81-9e15-cca2b2a10610
littletrainwreck,81966fe6-dc10-4f8d-a115-68059148fa3d
lqn3,af09ae9b-09c8-4715-8084-572c38eb736c
madcompass,92404d25-a350-4c74-a1d3-6375391f8c09
mal_wilson,bba8cc90-f135-4e6e-b206-5dc00aa27b1d
mapcavalier,9c5696f2-69d8-4b6b-96d2-0d00f6bb3864
maverick1107,3189d67b-0717-4d58-8d1b-5e32259a995f
megatrontehcube,f28b518a-0646-47d4-bf59-cc9ec97cd8b2
mineman117,3cdb31b1-79a0-44ab-9372-e5b56d955dcb
mishmaster5000,d7ee36cf-019e-400c-bf4d-95d2d4f54c0c
missmiynxe,53105a1d-0e07-41e9-8e30-2e710284ee7a
mokkunway,ada3db90-4c30-4720-9b2d-10b94fa2db91
msdracowolf,042a959c-3a6b-419d-976c-cc13d19e8bb7
ninja_chick0228,f579c50f-3a0c-4956-839b-8b2e4ecdee2f
nioki,d02f84b7-9b9d-4917-ac3d-51d30e9be82b
nron,b598569b-5658-4950-89bb-0b2fa59a6f40
onioatmeal,372ce993-401a-4c11-b60f-ee1890e6b0ba
paulisdead18,8194b6aa-34a7-45dc-8867-298a237c42e7
phoxcogs,d2944bec-0b00-4ade-9684-18eb79db8361
poatatofarm,164dc0cd-3716-496b-9357-d16e671e59d9
quotableraven,2b9a418c-a0a7-4ccb-b7fd-4878e6fa58ce
ralfsimson,7d106f3c-7116-42ed-8d18-98aad10d91ef
rangerlab,1803f3ab-f117-48a6-87df-08e4c0d41055
residential,6b929098-74c0-4b57-96ef-8b38961d2676
ricerover,0d0a6ced-24f2-43dd-8add-9e0912bcc729
roblock065,3cc6e26e-10f5-4af7-9609-e5ee0dd56d4b
roke16,14c3eb47-f8d6-4c6c-acab-425bb1d8ea1d
roughingot,bade9006-47c9-40a0-8821-519eda122719
s0f4r,6b3e5adb-fb8c-41e0-a9b6-250870b14175
saltbone,5a0161fe-cb03-4ff9-be9a-a37e2141d5ed
scarlet6660,84b760ce-0419-431e-b78e-42272cf556ae
schattenauge23,325d63c6-2993-4162-96f0-6e4ddf082156
schizotypal_kid,7f83abc9-2cbf-4c16-87d2-ca2242ce4ebb
scyth118,0d61e5fe-7ad9-4f0b-9f16-f1b52d8d05ba
se282001,587891b7-aea3-4440-836c-bd278e1cef35
searing_flare,7be5da46-9e86-4f23-8bb4-fa08216fdde3
sebashazit,4974e1fc-1e20-43d5-bb67-be6b7e5b2732
seductivebarber,42bc917d-54fd-4aaf-a90a-67f098dad33e
sevothaarte,9712d2a9-5feb-4366-bfd1-fd00bc1e43bd
shelbyman123,83ee956e-b9e2-4c79-b76d-a0ccb3a565e0
silverhatter,7b306c76-8854-479d-967c-f70e8a4604a4
sirknight94,a10f451d-a905-421d-a60e-b09af245edf2
skywardgroose,872c3ab6-1765-4696-81e3-7ae69931807b
snorlax_xd,b046ee86-36d9-4070-916b-952db2f8fd73
spiffyname,63d00c4a-f0bd-4928-9cb7-e41b84b23987
swablus,7b533ee4-02a0-4d60-a973-0053fb09bc90
swashis,0e13490e-884d-45a1-9502-04a1a3b31935
tacokiller725,e804a41e-c388-4ff7-a40b-8342265e5f2b
tehrein,18057964-d51b-4d8a-b538-1bb433b252b0
tenzou,cb3c3311-4951-4ab6-8baf-7adefb0c10f1
thdarkwind,ac9fc08d-e625-40ff-8239-c99167b65c36
the8bitmc,ebe47006-1685-4b20-815d-ccebe36f6c5b
thepieguy35,7a7356ab-c548-48e4-9843-48aa99c669f1
toucat,21ff3fd0-e4d9-45cd-94a4-04ac0801fa8e
trashmink,b650d427-b288-4402-9cdc-cd8cf985d7ea
triucoolman,74bab0e8-45c0-4e05-8de6-6f86a5d22682
twinkiesamurai,3915cfba-439e-4222-88b9-0b3ca966029f
umpx,a898c718-1971-4cf2-a6a4-6e251cbdc80b
uniomena,2fc167ca-d5bb-4689-a1b6-051272e389bf
unsuspectedforce,37146c54-08df-4cc2-9694-086488d2d3f2
waterbeast,76e1c8fa-84dd-4d2a-9641-0f0b8f642ff1
webkiller8,fb0a3eb8-8d2a-4ddf-9b75-afc8e4d9edb0
whyaitch,5d35bce8-178b-4cde-a3b7-4f7c253e6e3a
xxlvortexlxx,ab4447be-2b25-44e8-9e60-6896d16dfbee
yogscast2015,fb0915e8-5ebc-4046-b419-bcde9ffdb767
yurisuika,c8ba7742-07c2-4615-a213-74e2da00c861
zakkol,ba7c230c-0937-417e-ab11-13822d1b9e57
zarb_ebner,2034e280-a17b-47d6-ad44-e9192ed67915
zebradaisy,8cfa16b9-19db-4871-99df-a6d7ac242eee
zeldagar,c8aca9cb-d7d4-47df-bab8-40046de6ffeb
zeromeeco,8434923d-45ef-4342-823e-39fe50bf826e
zobrux,675cfcfe-9687-42aa-b8f8-3d019ff6073d
